MPM,MUSIC,F1 Values,F2 Values,Energy Values,Spectral Magnitudes,Spectral Peaks,Speaking Rate,Pitch Peaks,Loudness Values,Pitch Counter,MFCC 1,MFCC 2,MFCC 3,MFCC 4,MFCC 5,MFCC 6,MFCC 7,MFCC 8,MFCC 9,MFCC 10,MFCC 11,MFCC 12,MFCC 13
8897.17718879251,0.0899999999999999,,,0.00035741564,2146.2651,23.4375,49.42857142857142,32,0.00035741564,153,-129.87862,200.14685,-14.048319,10.433103,14.190814,-12.851378,12.43735,3.251454,-14.223267,-3.3462284,-7.3506165,-8.404276,-3.1015813
10757.169650833695,-0.3299999999999999,617.1681843318771,1985.7063338531584,0.023866605,9200.015,375.0,37.99999999999999,40,0.023866605,4,-134.4611,214.8778,-5.3891053,-7.369525,6.0522795,-17.778856,4.061851,9.756059,-5.144216,-5.12984,-12.017219,-6.4439387,5.9734144
9085.280467939496,-0.28,152.07569147508644,1784.272442755808,0.13023663,14604.852,375.0,46.85714285714285,40,0.13023663,7,-128.81874,206.02448,-2.7911658,1.9995444,15.088604,-7.1338215,12.165961,7.419346,-10.60761,-5.444176,-11.514073,-8.45488,3.0864732
10716.016952064205,-0.06,378.34965337065097,922.4149883362572,0.20334974,17952.549,398.4375,35.71428571428571,70,0.20334974,7,-129.90315,222.55707,-3.4817798,-4.8783226,6.7529926,-14.307977,9.617755,8.922745,-8.748421,-4.824854,-9.427157,-5.5202746,2.8021557
9524.78507913476,0.19,293.1571680315045,1493.9490831862377,0.25267062,15616.394,375.0,46.28571428571428,47,0.25267062,13,-132.148544,213.000305,-20.3394527,5.3390398,31.5428047,-3.36669016,6.85006142,0.410417259,-12.9784679,-0.22378625,-8.14589691,-9.73242092,0.121967316
10868.891587580112,0.05,391.64302710957423,1245.8799531200552,0.24075279,13744.824,234.375,37.99999999999999,83,0.24075279,12,-99.428772,202.784592,-0.110739246,-6.13464689,6.43376732,-15.3737726,3.38306284,7.7393117,-8.93277645,-9.98657131,-12.901288,-6.0102191,2.75119185
8829.973506902003,0.0899999999999999,308.9029223198782,1238.490414934813,0.23522434,15219.0625,398.4375,54.57142857142856,31,0.23522434,5,-134.3494,207.41072,-0.5866579,-1.2931318,11.624259,-10.8577385,7.4429107,6.453173,-9.397954,-2.5849578,-6.5911975,-7.6978884,-2.1377895
10935.816679271244,-0.02,309.0479722393929,1701.624606128798,0.23399064,12094.211,234.375,32.57142857142857,31,0.23399064,4,-131.79265,220.21446,-13.801666,-4.0634933,12.140038,-14.105715,9.514116,6.605817,-13.817452,-6.2237477,-9.146096,-5.307669,4.628596
10872.91904778914,0.15,378.7986045007287,908.4959092639668,0.2201951,12339.758,328.125,30.28571428571428,59,0.2201951,9,-130.43652,233.15498,-9.207038,-3.6114895,13.559289,-15.100007,6.7165,8.748993,-9.765344,-6.938171,-11.395698,-5.419784,4.9110303
10855.164361308392,-0.3299999999999999,382.060257075284,1570.9957269702577,0.18401846,11219.602,328.125,38.28571428571428,79,0.18401846,15,-120.7278,208.48293,-3.7220497,-0.73098767,13.150838,-13.543413,6.8117948,8.795431,-12.154895,-9.151785,-9.26414,-7.5563912,-1.4835175
10692.731692948775,-0.0999999999999999,944.046876656536,1945.5725104784876,0.15692551,17477.32,398.4375,33.99999999999999,77,0.15692551,62,-118.231766,218.65642,1.2634856,2.3650365,6.2875853,-19.126202,6.687101,8.024016,-8.011288,-3.9175293,-9.721648,-6.458115,1.449056
10840.859059765991,0.06,405.7836012441017,1152.7926790965255,0.1814074,21755.053,375.0,32.285714285714285,74,0.1814074,20,-126.84258,236.69699,-11.5326185,0.5322598,13.151603,-23.268707,2.214321,9.624943,-7.217085,-7.5955753,-16.082582,-4.8938456,10.455146
10806.254540002168,-0.31,452.6593376294656,1396.4594695857472,0.22846995,20712.084,375.0,30.0,96,0.22846995,27,-118.079,218.9116,-15.596455,0.24010566,12.309431,-12.801949,11.54025,3.3457427,-15.017748,-4.97981,-9.338868,-3.6789083,5.9358363
10892.257040659586,-0.42,641.0088567918059,1350.565757190738,0.21398742,13264.813,234.375,31.14285714285714,123,0.21398742,57,-140.00877,212.10399,-5.3733377,-3.9635286,9.110907,-12.875587,8.056202,4.0846624,-12.358232,-2.759585,-7.390953,-7.108197,2.5344536
8941.026528040567,-0.07,724.9751428777647,1319.7347411052906,0.17393437,5535.9595,351.5625,58.28571428571428,135,0.17393437,60,-119.625374,205.77934,-2.1361754,3.4200442,8.581593,-14.275496,12.437295,7.266972,-13.153039,-4.3159432,-8.227238,-7.743849,1.1199033
8538.182207753458,-0.5,667.2715490550453,1657.9166991301906,0.10479552,2452.0122,398.4375,56.85714285714285,45,0.10479552,53,-137.58986,220.31029,-9.873458,4.0501776,11.970199,-13.381034,12.435826,5.4007773,-12.9502535,-2.7552295,-6.5499153,-5.2563787,1.9203532
9170.89638166403,0.14,1044.380321312462,1445.6171059215862,0.031251144,2047.1305,304.6875,45.14285714285714,49,0.031251144,85,-131.232,224.60591,-10.775958,3.8223922,14.928027,-18.858116,4.862656,5.312071,-11.921656,-4.8871136,-10.804215,-7.560193,1.9933976
8945.47252170031,0.06,845.0141646897916,1654.141797202213,0.014316778,1518.262,398.4375,50.57142857142856,49,0.014316778,104,-117.68998,230.45268,-9.769351,-4.4026985,10.708899,-14.759453,7.3517756,3.3366597,-15.136426,-6.6678047,-9.070148,-5.6224585,1.3267006
10821.24162173801,-0.3299999999999999,863.2857050629963,1754.457117246433,0.010924778,3927.5686,304.6875,41.99999999999999,43,0.010924778,84,-136.3745,203.71777,-15.124658,5.457906,16.790215,-12.723834,9.183077,3.0994859,-13.898129,-2.4590409,-6.701848,-7.040494,-0.74906236
9372.16761233383,0.19,929.1827287268128,1795.4827133933677,0.011949188,9230.1875,351.5625,46.28571428571428,42,0.011949188,73,-132.26369,208.9931,5.3373957,-5.050989,7.3320003,-10.513357,6.5955734,4.366418,-12.290325,-5.5786343,-6.1923018,-7.3995733,-3.1021914
8647.274151314437,-0.27,536.6295409248055,1659.0981571759637,0.10456089,11824.95,375.0,57.14285714285713,171,0.10456089,53,-142.19038,219.40744,-10.483284,-3.8717744,16.367733,-11.649115,4.3777609,5.319695,-9.4429789,-3.2988703,-6.3655081,-4.5425019,0.16632593
8379.738082029833,-0.19,726.7266947813663,1353.4673077720183,0.10824519,13787.07,351.5625,69.99999999999999,148,0.10824519,36,-138.6752,203.0936,-15.425867,8.0913105,26.976606,-1.5095556,14.039821,1.1794244,-19.984419,-6.6020274,-6.752983,-7.2858157,-2.7544274
10857.104859192576,0.3,919.3504020872688,1915.77347622378,0.12904222,13597.236,398.4375,36.28571428571428,30,0.12904222,30,-146.36029,212.92847,-11.938108,-6.694197,20.008108,-4.857841,6.394778,4.3234296,-13.041018,-5.9227085,-5.708306,-5.328763,0.7742222
10864.074063144511,-0.19,539.372246771065,1511.9200793648963,0.1313566,14884.528,328.125,39.42857142857142,52,0.1313566,38,-133.04285,190.03474,-0.44519663,0.027434921,13.773855,-8.0527849,6.3048553,4.6554151,-12.485214,-9.1860809,-10.720571,-8.9939775,-2.723736
10649.538532786126,0.2,651.0305431965141,1201.2786343637868,0.17122896,13534.022,375.0,41.14285714285714,48,0.17122896,46,-130.60721,214.92401,-5.5759482,-0.020344008,20.972122,-5.8507557,3.3320286,0.13175607,-10.601804,-3.5014176,-8.3723993,-3.6060328,1.1830778
9159.796962767918,-0.1099999999999999,250.65476854425305,1275.6278508277903,0.19606109,15397.728,398.4375,51.71428571428571,46,0.19606109,2,-127.70909,227.83878,-6.192571,-2.4784937,10.48456,-16.84823,4.349555,4.6426635,-10.228829,-3.5138521,-8.382483,-4.3890657,2.6655734
8865.45991966264,0.2,252.02090366174093,1451.136478546522,0.20526567,13968.856,375.0,63.42857142857142,44,0.20526567,4,-126.653564,227.81876,-15.038578,-2.8197525,12.563291,-17.512615,6.302596,5.1817074,-14.155985,-6.1032667,-8.6091585,-5.0064125,3.1516685
10851.821836631716,0.29,336.9167689619054,1856.8570125078425,0.20443234,8967.057,375.0,36.57142857142857,44,0.20443234,4,-158.0743,225.86948,-2.5794518,-1.6427417,15.333917,-13.189642,2.41749,3.910184,-11.120735,-5.837401,-9.094495,-6.424675,-0.38181755
10961.95718735915,-0.27,338.83384670897294,1843.5572976941544,0.16358511,3710.551,375.0,24.0,46,0.16358511,4,-108.012985,210.20245,-12.770398,-6.988866,12.654544,-16.475824,3.1915162,8.513371,-15.018002,-15.904804,-11.348557,-1.8109857,3.6637766
10748.923752225191,-0.1599999999999999,218.06249867779167,1565.4936233891858,0.111025356,2937.83,304.6875,34.28571428571428,52,0.111025356,5,-127.76543,216.23953,-10.068046,-0.22643316,7.379936,-21.230606,9.852661,10.638986,-12.931218,-6.7326913,-8.907059,-6.205096,3.5211003
10928.2906697397,-0.26,1213.498209229906,2119.4174770604254,0.027533324,9925.863,328.125,22.85714285714285,47,0.027533324,39,-137.13306,230.83913,-8.912124,-3.0691535,2.9183257,-19.35847,7.757983,1.1371387,-12.7495365,0.3090675,-6.10878,-6.1368403,4.1220827
10985.102464697828,-0.32,728.4477682865336,2010.680206123988,0.14320163,13615.593,304.6875,35.71428571428571,69,0.14320163,40,-130.99042,237.04886,-11.794937,-6.913603,10.037159,-22.124792,3.218539,10.177722,-11.997412,-7.803371,-5.6565557,-3.565421,1.0093172
10809.93081116853,-0.26,441.3925474506833,1914.7786150508243,0.17505255,14953.186,164.0625,41.42857142857142,93,0.17505255,13,-150.34225,212.03958,-10.718785,-5.0773807,23.174881,-6.3192925,-0.33387178,3.0636458,-9.302934,-5.8867264,-7.5972667,-5.2876472,0.2206524
9502.455483751068,-0.28,428.4344314855007,1817.999742397761,0.18078546,12308.338,375.0,44.28571428571428,48,0.18078546,14,-135.13861,210.69058,-7.799594,-3.6044366,15.015535,-7.708684,10.429816,6.96099,-12.954901,-6.3457866,-8.125758,-8.231846,-0.71969306
10758.776633343574,0.03,1173.2539003137165,2426.576301716146,0.104958616,10129.806,398.4375,33.42857142857142,48,0.104958616,21,-155.1828,211.65683,-15.954394,-6.971001,16.60643,-12.138453,4.564122,9.012947,-7.9344664,-4.6280866,-6.9093823,-4.173971,4.0923786
10769.777833283835,-0.3,728.5850141599578,2039.1785058661155,0.061214842,12111.059,398.4375,29.71428571428571,48,0.061214842,45,-147.36256,210.12451,-11.0165205,4.3986144,23.171654,-11.873661,2.0903728,7.678807,-6.6096354,-7.754783,-13.1341305,-6.313752,0.39662275
10748.5117062604,-0.13,1073.938676823974,1927.4171728290555,0.09560986,12351.266,398.4375,38.85714285714285,47,0.09560986,31,-137.36882,222.37585,-16.172628,0.8406782,25.451452,-13.653115,-0.51798093,10.10422,-6.41912,-11.450926,-12.840955,-4.1928077,-0.6370764
9428.306760871805,-0.0299999999999999,725.3452767544175,1805.8863328641655,0.19563475,14295.427,351.5625,45.99999999999999,64,0.19563475,3,-121.50767,206.49249,-5.2907486,-5.179913,20.67988,-5.007205,2.0899186,4.6983738,-12.08378,-11.96157,-9.8940783,-5.237062,-0.053977348
10537.93579934844,0.0899999999999999,394.53224252310986,1721.5612167877623,0.24467218,15596.621,398.4375,36.85714285714285,31,0.24467218,5,-138.65913,211.73885,-9.2477865,4.5861044,22.63209,-4.9626102,9.103215,3.0208778,-13.905463,-7.102286,-9.743838,-7.227653,-0.81324166
10783.916144057834,0.13,274.2261377516669,1531.443357111149,0.25907218,16660.014,328.125,32.57142857142857,32,0.25907218,4,-127.790115,208.23128,-11.464404,-3.5973265,17.944084,-13.043962,0.25726998,7.1708956,-7.614272,-7.0751553,-8.039348,-2.9703903,4.231514
10849.155920546296,0.18,262.84886671510856,1615.4489162499544,0.2687401,16664.459,375.0,27.14285714285714,32,0.2687401,8,-133.35194,223.73143,-9.2753496,-2.3673022,20.003254,-9.8765888,2.4136956,3.6006644,-9.2487793,-4.1441483,-10.277449,-8.6964159,0.086527348
10937.566210148452,0.13,396.4348740915978,2033.0830496868405,0.2502079,15914.314,328.125,32.57142857142857,58,0.2502079,7,-137.05605,230.56895,-20.305952,-11.210653,24.122154,-8.985892,-3.586274,1.5498285,-11.113878,-7.4365644,-8.586294,-6.3341494,-0.24008864
10906.659201130722,-0.25,261.2026803699688,1284.925908721062,0.23519047,11391.996,257.8125,24.85714285714285,47,0.23519047,8,-127.591064,222.53368,-12.132624,-4.841381,20.29879,-8.68357,4.6840167,7.316208,-9.54809,-7.2901607,-9.232039,-4.54916,4.139482
10715.50435834126,0.2099999999999999,673.3047814239582,1220.8782115822503,0.1638073,5933.32,281.25,34.857142857142854,46,0.1638073,40,-142.35287,211.7372,-3.3965733,-13.963689,5.1371355,-11.7761545,4.3153195,5.9663377,-8.715327,-5.594503,-8.757975,-5.4536643,5.419119
10825.701390087155,0.0999999999999999,1031.0463627692268,1834.781576268448,0.108512685,1649.4899,375.0,39.14285714285714,41,0.108512685,36,-154.90646,213.25473,1.5385274,-5.359876,5.4954386,-16.132748,7.3143296,13.431549,-2.8941264,-0.9957903,-5.9794135,-6.1858068,4.5132775
10918.302589532985,-0.1699999999999999,736.9566402346775,1782.2130986036302,0.029623127,1343.775,304.6875,39.99999999999999,41,0.029623127,15,-129.93135,209.66571,-14.541188,-0.5968251,16.585474,-13.102542,3.6974773,5.631289,-7.908157,-4.760584,-9.298045,-4.2413406,4.885366
10723.745400723545,0.17,294.7234530679225,1704.5146541561655,0.011006518,1247.9022,281.25,40.85714285714285,46,0.011006518,42,-151.61397,222.35854,-4.6907816,-4.103263,5.1061673,-18.764744,8.94267,10.202207,-7.849251,-2.1900556,-8.994014,-6.3168573,6.3967395
10722.530208906694,-0.5,673.3092546176762,1637.714915954722,0.009769293,311.62256,398.4375,31.71428571428571,46,0.009769293,99,-127.90169,204.37592,-9.054918,3.7406025,11.276094,-14.355686,11.262535,8.207942,-11.828647,-5.5732937,-8.341591,-6.4231486,1.8407173
10871.131575964448,-0.1699999999999999,1346.8637669963532,2545.734761998417,0.0076809404,804.2036,328.125,34.28571428571428,43,0.0076809404,83,-141.93646,208.77182,-5.78193,-9.297432,14.906564,-3.7166128,5.942631,2.764869,-12.43576,-6.1918592,-5.089215,-3.7012098,1.2934788
10815.56951175266,0.01,1371.1336848504125,2417.877836116256,0.006466576,2122.8628,281.25,25.71428571428571,47,0.006466576,104,-132.61929,213.68381,-17.555326,0.20296592,12.880014,-17.647449,5.3016157,2.8940709,-14.37857,-6.690526,-10.10555,-5.3847604,3.0029902
10823.939210236962,-0.19,,,3.1581454e-05,8645.852,398.4375,31.71428571428571,311,3.1581454e-05,201,-121.57674,189.44788,0.24349076,6.7228928,23.766872,-8.47665,-2.6997812,1.2960811,-10.029224,-8.700724,-13.301131,-11.924149,-5.0416355
10745.372328477748,0.07,,,0.001602763,13416.042,351.5625,28.28571428571428,46,0.001602763,55,-157.8859,221.94557,-13.875039,2.5774305,11.735196,-18.963818,4.909678,0.98434424,-14.327687,-2.4439445,-6.515852,-5.941375,2.6751652
10856.81800450739,0.43,,,0.005898036,15068.683,398.4375,37.71428571428571,53,0.005898036,69,-136.66718,215.99234,-11.375949,-9.680612,10.559467,-14.784353,5.3364506,9.502747,-12.09033,-9.330156,-5.1805267,-1.7806531,2.7212193
9209.402912603176,0.2099999999999999,,,0.008605664,11239.727,257.8125,44.28571428571428,40,0.008605664,91,-155.76521,201.60394,-11.796538,-4.1582365,12.648159,-8.231276,9.25082,3.4682567,-12.787022,-3.2315056,-4.4020886,-3.7974908,3.480776
10780.182656416251,-0.2,,,0.074679896,10883.443,398.4375,39.99999999999999,169,0.074679896,85,-156.27737,215.35907,-17.460531,-10.721159,17.807993,-9.588997,0.69216293,2.2255056,-12.716614,-6.580332,-5.6359243,-2.5200431,5.3694916
9285.97212609962,-0.36,,,0.13217063,14706.355,398.4375,43.71428571428571,256,0.13217063,47,-128.91824,214.35638,-2.475034,-1.4949448,22.352262,-7.348648,-2.2233236,2.2668583,-7.9379563,-5.7267413,-9.561927,-8.706992,-3.9074311
10854.23252982524,0.45,,,0.153978,15086.344,375.0,36.28571428571428,256,0.153978,23,-152.44093,210.62996,-9.373165,-0.9392799,7.985387,-15.227811,10.593374,8.155142,-9.768559,-4.640319,-10.997965,-7.2669587,6.891107
10819.450024344704,-0.2299999999999999,,,0.15444367,17367.287,304.6875,34.57142857142857,52,0.15444367,10,-132.75554,193.28828,-4.35981,6.4596305,17.085045,-14.924626,2.4695575,4.39933,-13.054794,-8.347399,-11.207626,-9.23596,0.81844634
10800.186376429316,-0.0299999999999999,,,0.116850756,14650.434,304.6875,26.85714285714285,52,0.116850756,12,-136.99353,219.71553,-2.1346965,-3.733195,11.097453,-15.323684,4.216451,9.365632,-8.081768,-8.82658,-15.021423,-10.368605,3.081215
10688.007286795735,0.15,,,0.13761699,12829.445,351.5625,34.857142857142854,49,0.13761699,86,-142.47137,213.33093,-2.177384,5.9149647,12.544844,-18.089691,5.0964828,1.7230204,-17.2954,-5.2233615,-9.333102,-9.757821,4.5343943
10793.592552719962,-0.44,,,0.1451446,9251.127,398.4375,39.99999999999999,177,0.1451446,52,-153.4763,190.56058,-5.723769,2.3134956,24.21462,-1.9412146,3.0798302,-3.3272526,-16.927776,-6.5924153,-9.94397,-13.766389,-5.001362
10858.209480314435,-0.29,,,0.18281315,11644.523,304.6875,28.57142857142857,48,0.18281315,35,-130.09851,207.48366,-7.3053589,-5.3670182,17.359566,-10.472326,-2.1077797,-0.0090115974,-14.135929,-10.925506,-11.031449,-4.9029875,3.3509321
10862.504160079669,-0.27,,,0.17927922,15812.506,398.4375,34.57142857142857,50,0.17927922,16,-129.70216,224.21136,-24.34565,-4.441728,24.60737,-12.530384,-2.383873,1.9394715,-13.337325,-12.412471,-13.252365,-4.607249,2.8089328
9394.887020281294,0.45,,,0.1677427,16545.252,351.5625,44.85714285714285,123,0.1677427,24,-125.26557,214.59364,-9.457194,-1.9407488,17.99491,-12.724747,0.6531496,0.5827904,-17.66122,-10.518061,-7.3599977,-4.9894605,-2.1209338
10815.160493486384,0.43,,,0.13150994,15021.72,398.4375,29.14285714285714,45,0.13150994,18,-118.90231,189.41133,1.3596371,5.366073,14.823836,-14.532248,2.5169473,5.387941,-13.514467,-8.9372425,-7.7273054,-8.547287,-5.405494
10895.7111694103,-0.0899999999999999,,,0.15668508,15388.575,234.375,31.71428571428571,51,0.15668508,8,-125.1712,231.17317,-26.072842,-8.299012,22.03497,-13.249413,1.8341134,3.0502303,-17.71397,-9.799977,-5.2340264,-1.2938592,1.4951291
9579.48841041647,-0.21,,,0.19068132,14829.241,398.4375,42.57142857142856,51,0.19068132,13,-124.90204,221.74773,-6.9690742,-1.9976662,11.220647,-11.193808,11.458248,5.6606536,-13.6700325,-5.2180533,-9.33871,-8.197637,3.2976184
9238.544694784763,0.0799999999999999,,,0.203991,14754.111,375.0,46.28571428571428,51,0.203991,12,-128.28838,216.24942,-15.629793,-1.3851479,8.99967,-20.344328,6.3656116,3.4888756,-17.726475,-7.5578475,-6.807116,-4.6085567,1.653173
10921.021938715598,0.18,,,0.18389285,10526.827,210.9375,37.99999999999999,51,0.18389285,8,-137.70485,192.63503,-6.845763,1.0359213,27.611982,2.8729534,4.21218,-3.3670387,-17.655512,-9.106219,-5.2995634,-3.482428,-5.0113435
10708.906778244746,0.0799999999999999,,,0.1851529,7714.256,351.5625,38.85714285714285,49,0.1851529,11,-128.25291,202.96704,-12.702226,2.4090178,11.036962,-14.2093315,15.210237,9.733933,-16.038025,-8.022232,-7.095166,-4.1650457,2.6279814
9176.524800651432,0.32,,,0.17474599,5017.407,210.9375,48.28571428571428,47,0.17474599,12,-135.18375,202.90382,0.61898226,-2.8727486,9.070734,-14.984329,4.061358,6.918314,-12.803747,-9.98418,-8.291291,-6.3461366,-0.3756589
9088.465262064568,-0.19,,,0.18195088,11792.796,328.125,52.85714285714285,46,0.18195088,11,-117.2406,186.06349,2.13896,3.6127896,15.439958,-7.6089544,4.8975997,1.2673033,-14.884201,-8.112261,-7.0662165,-6.4627466,-3.6525743
10826.827620427412,0.19,,,0.16937917,17251.477,304.6875,32.857142857142854,51,0.16937917,8,-120.374664,221.71423,-14.843918,-5.839056,7.7514353,-20.58896,6.6995945,7.3920584,-16.931988,-13.140262,-12.428608,-4.870447,4.393407
10764.957834308068,0.0,,,0.1453483,20876.625,398.4375,37.71428571428571,52,0.1453483,9,-127.121635,213.85167,-20.501055,-0.8881208,20.675821,-12.334945,5.048182,2.6936631,-15.635496,-6.2409964,-9.029975,-7.750894,1.5219164
9362.089584733118,0.15,,,0.08712935,18327.65,398.4375,45.42857142857142,47,0.08712935,12,-139.88876,205.52159,-0.73413634,2.4122071,7.79259,-15.9015875,9.38427,7.3370824,-9.952248,-2.8065932,-9.540831,-8.781486,1.3303739
8995.171480339812,0.19,,,0.16084744,17957.984,351.5625,45.42857142857142,69,0.16084744,38,-144.97992,202.2391,-2.9070554,2.9242103,11.611973,-11.901459,7.5713634,3.6874855,-11.441937,-6.0741453,-12.621585,-9.322804,1.8808055
10752.625701566463,0.1099999999999999,,,0.21004868,17780.375,375.0,38.28571428571428,108,0.21004868,11,-127.61926,216.39633,-4.6740766,-2.7532032,9.139794,-16.7281,5.951092,8.899056,-12.068771,-12.972562,-13.070537,-5.397194,1.3855288
8733.937522461483,-0.25,,,0.24964283,18108.076,351.5625,60.85714285714285,36,0.24964283,13,-130.708115,212.226013,-6.80780697,-1.79580367,23.3745079,0.123734638,7.94695854,1.00951457,-15.2941065,-9.32451725,-11.7972898,-9.19467831,-2.52775455
10909.704926410705,-0.19,,,0.24287513,18981.023,398.4375,40.57142857142857,37,0.24287513,7,-135.1293,204.14114,-4.325506,-4.5736575,10.790664,-11.718389,2.7309732,2.8799539,-9.861838,-6.868915,-12.137162,-7.5804553,2.8513212
9113.895065931658,0.19,,,0.2590476,17813.633,351.5625,47.14285714285714,37,0.2590476,8,-136.52023,199.56917,-8.804059,-5.444596,20.111794,-4.942283,2.5399911,3.1185725,-12.3002205,-8.457422,-7.6156654,-6.4754715,-0.7052412
10865.768774792665,0.19,,,0.2818994,15328.492,210.9375,42.28571428571428,37,0.2818994,5,-141.35242,184.61485,-8.26143,-4.674477,19.43409,-5.115769,-0.78820014,4.9722304,-5.2602844,-8.982398,-11.62809,-7.5645213,-0.97387767
10973.963174276025,-0.48,,,0.29322368,9746.951,328.125,38.85714285714285,35,0.29322368,4,-138.25339,201.93575,-16.362228,3.4140053,29.851566,-1.045617,5.0990334,-1.7052282,-12.305411,-0.63647306,-7.630497,-7.3911986,-0.056071747
10870.711523865208,0.05,,,0.2792343,3294.8713,328.125,33.42857142857142,32,0.2792343,7,-109.61069,209.677,-13.987373,-2.6813376,14.17916,-17.903625,2.4155998,9.1881485,-11.297057,-12.217493,-10.188259,-4.276869,-0.7731305
10858.938246356316,0.44,,,0.26820183,4819.297,398.4375,36.28571428571428,58,0.26820183,5,-145.86554,201.63686,-4.4101954,-6.5126429,6.4597073,-18.659853,0.095578209,6.4974885,-7.0381727,-4.1309752,-7.6718583,-5.7878737,1.5085051
10768.643508575777,0.12,,,0.23262547,11450.967,257.8125,34.857142857142854,56,0.23262547,6,-141.84055,211.68463,-5.88367,2.4345841,12.8534975,-12.75887,7.191729,0.62856853,-15.325562,-3.786179,-7.1514697,-5.7488246,0.47183156
10870.93191873056,-0.07,,,0.18777835,16500.9,375.0,39.14285714285714,53,0.18777835,12,-128.06909,180.6846,-10.459734,2.0973518,17.591944,-10.554493,3.3290322,3.7004704,-12.836125,-8.042724,-6.614844,-4.4418907,-1.9199358
10721.208049871271,0.16,,,0.08665797,14042.79,398.4375,37.42857142857142,33,0.08665797,19,-147.31709,186.20497,-10.516212,11.573308,23.594322,-5.5720096,8.895422,0.18237846,-15.284766,-3.4485979,-6.9190712,-10.14824,-4.6320701
9309.068906670647,0.07,,,0.01651965,8192.66,304.6875,45.42857142857142,33,0.01651965,84,-134.59251,218.26231,-15.344536,-2.6041784,17.001337,-10.665384,8.287174,6.1204314,-12.986036,-7.2671175,-8.438133,-3.5020988,3.7447436
8906.819956887442,-0.42,,,0.0077384007,4027.9111,281.25,61.99999999999999,56,0.0077384007,69,-149.59982,217.67584,-8.169467,-7.2491474,19.854874,-3.5123384,4.0978355,2.1800985,-11.045803,-6.586762,-8.503692,-2.9371748,3.7439423
9207.987417870168,0.18,,,0.0008842999,4445.995,398.4375,53.42857142857142,31,0.0008842999,129,-133.48589,209.39778,-4.6365304,-6.5254154,14.865486,-11.401339,0.57386345,7.172954,-9.554107,-12.250786,-10.573316,-4.3529553,-1.6145085
9145.786972786813,-0.2,,,0.076392494,7699.6523,398.4375,47.14285714285714,55,0.076392494,2,-126.14182,201.06879,1.8152356,2.1004272,12.073119,-14.135567,3.864371,5.60304,-12.312554,-10.367785,-11.582181,-7.4319243,-2.2425883
10889.898002337692,0.15,,,0.1528733,12510.381,398.4375,37.42857142857142,53,0.1528733,3,-127.044,220.81096,-7.0235,1.5925411,16.913733,-11.081429,6.3700113,2.6636436,-13.506508,-8.2929945,-13.533201,-6.2707896,1.4950497
10939.385507410225,-0.26,,,0.18336986,17478.148,375.0,35.14285714285714,52,0.18336986,7,-155.63756,220.92664,-5.8689756,-7.968059,9.365735,-11.884159,6.147466,1.8839984,-14.908696,-4.3208494,-5.32395,-5.475987,2.1499014
9458.234847336438,0.32,,,0.1769211,20498.316,398.4375,42.85714285714285,49,0.1769211,25,-147.04211,211.58394,-1.0908998,-3.2147071,12.033671,-9.455308,2.9647892,-0.088749021,-10.195589,-3.5160415,-10.743411,-9.6256437,1.4681476
9224.009096211752,0.42,,,0.12162603,19347.805,328.125,45.14285714285714,48,0.12162603,24,-139.67311,221.82458,-2.4492013,-2.914683,23.272486,-5.3512497,-4.8978443,-3.5791955,-9.160581,-3.9863951,-9.852226,-8.821373,-1.1629924
8833.030642999982,-0.19,,,0.06456185,18013.229,398.4375,62.57142857142856,48,0.06456185,59,-142.134,202.91574,-10.23879,5.5937552,16.562834,-14.3569145,4.439434,2.6260362,-13.008181,-6.1401734,-10.031436,-7.5271916,2.0435143
8946.17707367728,-0.18,,,0.056646395,17011.496,257.8125,47.99999999999999,48,0.056646395,23,-146.3432,217.11874,-16.633427,-0.27169532,25.133938,-5.120667,5.34258,-0.889109,-15.174524,-3.9429402,-8.685754,-7.212051,3.6281343
10780.354270426433,0.45,,,0.07226686,16199.215,351.5625,40.85714285714285,45,0.07226686,6,-235.85474,159.13927,8.354473,6.987392,-2.9965494,-14.666496,2.6761212,-2.3042407,-8.233958,-11.071263,-8.070536,1.3893347,-12.545416
10878.485789518536,-0.45,,,0.1413363,18144.236,187.5,42.28571428571428,44,0.1413363,4,-178.14287,188.0939,-19.503689,18.410934,22.385603,-13.940925,-3.1260362,-8.175839,-6.8839254,-0.4580059,-6.697623,-3.2437818,-7.4736867
8670.751180830657,-0.39,,,0.22336951,18690.846,281.25,61.42857142857142,52,0.22336951,3,-225.59262,153.85953,-22.35091,9.862776,1.1164167,-18.369402,8.736866,-5.5831947,-16.19853,-8.238016,-8.093121,-1.4529144,-8.384275
8720.231482043046,-0.21,,,0.28574142,18622.453,398.4375,60.28571428571428,53,0.28574142,3,-233.8239,171.15912,9.1073265,-2.1258614,11.192164,8.451064,13.733518,2.3716476,-3.5186758,-0.39695296,-1.1164149,3.7560396,-2.3043265
8671.07935114307,0.2199999999999999,,,0.30262056,14368.115,257.8125,51.14285714285714,78,0.30262056,3,-191.90111,154.42651,6.89597,19.155901,17.547989,-5.503789,1.2708951,-2.7361243,-4.4380984,-1.1222732,-0.6190989,1.4834306,-7.4691157
9132.350090179443,0.12,,,0.25722486,7629.883,398.4375,50.57142857142856,77,0.25722486,3,-151.50906,190.2961,-41.095478,19.645895,15.117703,-24.569164,11.297672,-2.0649908,-17.614227,1.1019768,-3.81576,-8.098238,-5.886278
10701.199398321263,-0.37,,,0.23119615,3043.0093,398.4375,34.857142857142854,75,0.23119615,13,-200.32153,176.21451,2.4220743,9.9376678,14.804694,-5.9746618,-0.052305795,-2.4768925,-2.6144648,-0.7848866,-0.7977258,-0.59864622,-12.884498
9385.089933349607,-0.0399999999999999,,,0.20336941,2130.7905,398.4375,42.85714285714285,49,0.20336941,7,-187.87018,185.59709,-1.0905255,14.83931,17.74138,-7.0380507,-0.8751971,-5.9706244,1.0476371,6.0832667,-3.7273014,-0.53181887,-5.1258817
10716.867653004443,-0.0899999999999999,,,0.216208,1820.8612,398.4375,36.85714285714285,48,0.216208,8,-184.70341,199.91405,2.7164936,1.5096226,5.5832562,-9.723011,2.8201606,-1.2632625,-3.264252,-2.1201653,-3.920477,3.8131924,-3.354617
10878.485789518536,-0.45,,,0.20182548,1479.9348,351.5625,42.28571428571428,47,0.20182548,12,-178.14287,188.0939,-19.503689,18.410934,22.385603,-13.940925,-3.1260362,-8.175839,-6.8839254,-0.4580059,-6.697623,-3.2437818,-7.4736867
9037.504892404795,-0.21,,,0.19066602,1163.7041,210.9375,54.57142857142856,46,0.19066602,15,-194.0446,190.56409,6.067802,6.8136597,15.760184,-7.635441,1.1809871,2.460361,-6.4752073,-6.690741,-3.7272363,-0.5028754,-6.9111433
9058.292678071924,0.04,,,0.15812984,3116.8108,398.4375,49.71428571428571,45,0.15812984,19,-145.75368,181.32715,-38.2352,19.77087,9.05687,-22.01159,17.195467,-1.7637143,-14.914443,2.5230322,-5.4713893,-2.2356384,0.24878407
9037.504892404795,-0.21,,,0.11009904,9209.189,375.0,54.57142857142856,44,0.11009904,21,-194.0446,190.56409,6.067802,6.8136597,15.760184,-7.635441,1.1809871,2.460361,-6.4752073,-6.690741,-3.7272363,-0.5028754,-6.9111433
8683.270756573056,0.25,,,0.05645825,10447.466,351.5625,58.28571428571428,45,0.05645825,64,-171.84348,177.89375,-25.510769,15.122909,10.446679,-20.533974,12.339654,4.0245705,-10.213315,1.8294355,-1.5191096,-0.82608265,-2.1303449
10816.847773634092,0.4599999999999999,,,0.015758574,12642.555,187.5,40.85714285714285,47,0.015758574,88,-169.00308,199.88338,-26.202068,8.528369,18.209375,-9.091798,-3.014062,-5.3008738,3.2676685,-6.099599,-14.31849,1.7826127,-7.941829
9329.26862335205,0.42,,,0.013231833,12860.059,375.0,43.71428571428571,48,0.013231833,92,-227.6817,152.05905,-8.911156,5.485909,12.073612,-17.387123,-0.23198296,7.990346,-7.0674057,-8.096665,-2.7299902,-0.68391144,-6.361256
9007.410232053984,-0.32,,,0.010875353,17728.523,234.375,57.71428571428571,35,0.010875353,118,-247.58153,114.52851,0.016154289,8.3863974,6.2041149,-11.607466,3.0827072,-0.42375347,-9.8286991,-3.3911109,-4.7986341,-4.2734032,-3.5021975
10759.019512107156,-0.14,,,0.00863627,19474.342,398.4375,39.99999999999999,46,0.00863627,83,-259.19766,132.56305,3.8971841,6.1375775,6.1310835,-15.536295,-6.304368,-0.8575821,-6.072899,-9.5148535,-9.718408,-3.5195618,-5.255548
8825.590934628928,-0.0999999999999999,,,0.026087193,18574.42,398.4375,48.85714285714285,45,0.026087193,79,-233.705,123.850746,-17.838852,12.493133,8.313674,-17.466505,3.4330626,-1.0014734,-11.17941,-3.5902617,-4.763057,-5.303552,-6.0864296
8062.634966591112,-0.42,,,0.12378606,14177.548,351.5625,78.85714285714285,47,0.12378606,11,-191.61812,164.1946,-26.894905,-4.625959,8.041818,-5.405069,-1.1713035,-21.128153,-11.1097145,5.2809916,-9.682827,-6.416537,-2.7059524
8510.044385445874,-0.24,,,0.16341995,11987.932,398.4375,70.85714285714285,81,0.16341995,10,-237.93147,164.47163,-5.5795836,-8.642148,1.3043082,-1.2932485,4.20234,-14.809646,-15.023831,-1.1367149,-1.9009088,-1.9592489,-9.473401
10822.00105091338,-0.1499999999999999,,,0.16382903,12402.664,304.6875,26.28571428571428,83,0.16382903,6,-225.49924,155.6,-25.465513,-8.03232,15.022295,-1.2039016,-6.048526,-10.959952,-8.970003,-14.638582,-10.776494,1.9911959,-13.331842
9480.98316076842,-0.3399999999999999,,,0.2103335,15263.299,140.625,42.57142857142856,58,0.2103335,20,-255.22772,156.70567,-25.408327,-6.811689,2.437604,-4.87602,9.842825,-6.7294254,-13.781044,-5.974146,-0.8233174,4.059679,-7.5241075
9058.292678071924,0.04,,,0.28092957,16665.545,281.25,49.71428571428571,90,0.28092957,5,-145.75368,181.32715,-38.2352,19.77087,9.05687,-22.01159,17.195467,-1.7637143,-14.914443,2.5230322,-5.4713893,-2.2356384,0.24878407
8542.873695846296,-0.35,,,0.32614762,14340.408,375.0,69.71428571428571,91,0.32614762,7,-203.08391,201.15935,7.7002144,14.203883,13.057951,-9.5855,6.129649,4.154753,1.2038295,1.1464154,-5.2300673,0.82025605,-4.6871266
8903.584813827123,0.4599999999999999,,,0.31122595,15745.303,351.5625,63.14285714285713,66,0.31122595,7,-198.92685,201.40405,3.7907581,2.4127645,15.464847,0.069490612,4.0835643,-3.9611738,-1.59286,4.5348043,-4.8518648,-1.5732648,-1.1055663
8622.101467712533,0.29,,,0.26619112,15711.145,398.4375,64.57142857142857,67,0.26619112,3,-194.3401,206.06987,-21.618797,5.2332902,22.06856,0.40295836,11.59957,-9.3046684,-13.863489,7.6522317,-0.046347927,-6.0774717,-3.4994886
9033.907521757108,0.43,,,0.21377946,16509.271,398.4375,48.57142857142856,67,0.21377946,7,-191.76648,189.22433,-9.9728203,8.2951984,16.153053,0.011618361,12.484208,-9.057394,-9.3882246,11.247863,-3.3834743,-6.7627687,1.921677
8720.075830874235,0.19,,,0.22708848,13153.188,351.5625,59.42857142857142,32,0.22708848,3,-171.94673,175.59229,-6.088585,7.8097453,1.5213778,-0.45426548,17.617535,-11.4761,-10.88251,7.5514913,-1.5710949,-4.4436717,-4.5787797
9012.52912244867,0.31,,,0.25358796,10490.961,398.4375,46.57142857142856,31,0.25358796,3,-164.97397,199.16942,-16.804106,13.509801,16.104057,-1.6063964,15.30709,-10.910123,-13.170174,8.501955,0.53380436,-3.1343045,-1.4219229
8999.9893094456,0.0999999999999999,,,0.27002275,3682.8823,398.4375,57.71428571428571,30,0.27002275,8,-201.15439,195.63788,-15.523586,5.0968647,17.177843,-1.6298584,11.573206,-3.9310534,-8.272277,4.6336756,-1.6317394,0.25748062,-2.5208824
8487.61766557202,-0.45,,,0.22235732,9876.787,328.125,75.71428571428571,57,0.22235732,6,-196.62422,185.46422,-4.2751555,8.345227,16.498476,2.9848213,2.112816,-8.927887,2.3392565,0.29135743,-9.51427,1.8547536,-3.617051
8952.887181765534,-0.24,,,0.23183875,16743.055,375.0,55.71428571428571,55,0.23183875,5,-281.40878,126.896645,-11.830603,7.742725,22.052504,0.93119824,6.412563,5.0232306,-0.37363952,2.4531822,2.178442,3.4574835,-2.8318455
8838.44791384547,-0.43,,,0.2208156,19043.105,328.125,59.71428571428571,53,0.2208156,3,-298.85306,136.92714,-14.576273,2.6240766,6.7150135,-2.9661705,6.947177,-8.1873665,-5.49466,2.5803883,-5.37283,-0.42282167,-5.6920257
8683.270756573056,0.25,,,0.22982687,13543.364,398.4375,58.28571428571428,50,0.22982687,4,-171.84348,177.89375,-25.510769,15.122909,10.446679,-20.533974,12.339654,4.0245705,-10.213315,1.8294355,-1.5191096,-0.82608265,-2.1303449
8967.548937546579,0.05,,,0.20580165,7213.8086,398.4375,48.85714285714285,45,0.20580165,13,-215.26135,128.70169,-32.019047,7.6606998,30.485338,-1.4664781,0.18950261,-0.72063679,-2.620702,2.2094474,-3.5731523,-1.3456424,-1.8131911
10819.959561931551,-0.38,,,0.16950475,6056.6123,398.4375,37.14285714285714,38,0.16950475,13,-238.87297,154.48938,-25.740566,-11.21464,13.158462,-5.1311007,-7.6481767,-10.866051,-5.7588677,-1.9401494,-6.2945743,-1.9932661,-8.73344
10816.847773634092,0.4599999999999999,,,0.10042051,10398.74,375.0,40.85714285714285,32,0.10042051,9,-169.00308,199.88338,-26.202068,8.528369,18.209375,-9.091798,-3.014062,-5.3008738,3.2676685,-6.099599,-14.31849,1.7826127,-7.941829
9329.26862335205,0.42,,,0.03438697,15537.32,398.4375,43.71428571428571,32,0.03438697,14,-227.6817,152.05905,-8.911156,5.485909,12.073612,-17.387123,-0.23198296,7.990346,-7.0674057,-8.096665,-2.7299902,-0.68391144,-6.361256
9007.410232053984,-0.32,,,0.0013424178,16211.27,281.25,57.71428571428571,172,0.0013424178,203,-247.58153,114.52851,0.016154289,8.3863974,6.2041149,-11.607466,3.0827072,-0.42375347,-9.8286991,-3.3911109,-4.7986341,-4.2734032,-3.5021975
10759.019512107156,-0.14,,,0.06056348,12808.949,398.4375,39.99999999999999,49,0.06056348,9,-259.19766,132.56305,3.8971841,6.1375775,6.1310835,-15.536295,-6.304368,-0.8575821,-6.072899,-9.5148535,-9.718408,-3.5195618,-5.255548
8825.590934628928,-0.0999999999999999,,,0.13853894,11498.382,351.5625,48.85714285714285,48,0.13853894,3,-233.705,123.850746,-17.838852,12.493133,8.313674,-17.466505,3.4330626,-1.0014734,-11.17941,-3.5902617,-4.763057,-5.303552,-6.0864296
8062.634966591112,-0.42,,,0.18088484,10092.624,187.5,78.85714285714285,51,0.18088484,4,-191.61812,164.1946,-26.894905,-4.625959,8.041818,-5.405069,-1.1713035,-21.128153,-11.1097145,5.2809916,-9.682827,-6.416537,-2.7059524
9175.22509457405,-0.5,,,0.20820177,14887.002,398.4375,42.85714285714285,47,0.20820177,48,-235.8898,161.86742,-1.9656037,8.989453,8.9885235,-18.395994,-2.816249,0.7984981,-10.12816,-12.838724,-8.979382,-0.3316166,-8.845713
8510.044385445874,-0.24,,,0.17604709,13119.755,398.4375,70.85714285714285,45,0.17604709,43,-237.93147,164.47163,-5.5795836,-8.642148,1.3043082,-1.2932485,4.20234,-14.809646,-15.023831,-1.1367149,-1.9009088,-1.9592489,-9.473401
10822.00105091338,-0.1499999999999999,,,0.13409837,17436.434,304.6875,26.28571428571428,129,0.13409837,35,-225.49924,155.6,-25.465513,-8.03232,15.022295,-1.2039016,-6.048526,-10.959952,-8.970003,-14.638582,-10.776494,1.9911959,-13.331842
9480.98316076842,-0.3399999999999999,,,0.07147125,15064.204,164.0625,42.57142857142856,41,0.07147125,74,-255.22772,156.70567,-25.408327,-6.811689,2.437604,-4.87602,9.842825,-6.7294254,-13.781044,-5.974146,-0.8233174,4.059679,-7.5241075
8920.508186481946,-0.01,,,0.07574482,11373.16,281.25,52.85714285714285,273,0.07574482,73,-225.51077,153.58408,-15.30009,14.845303,7.784208,-17.437098,6.9744697,-4.44679,-15.9773855,-5.4700484,-8.536881,-5.0893545,-4.0168314
8542.873695846296,-0.35,,,0.1501363,4618.28,398.4375,69.71428571428571,102,0.1501363,27,-203.08391,201.15935,7.7002144,14.203883,13.057951,-9.5855,6.129649,4.154753,1.2038295,1.1464154,-5.2300673,0.82025605,-4.6871266
8903.584813827123,0.4599999999999999,,,0.190118,1488.3735,234.375,63.14285714285713,101,0.190118,16,-198.92685,201.40405,3.7907581,2.4127645,15.464847,0.069490612,4.0835643,-3.9611738,-1.59286,4.5348043,-4.8518648,-1.5732648,-1.1055663
8622.101467712533,0.29,,,0.17809853,3118.1643,398.4375,64.57142857142857,77,0.17809853,12,-194.3401,206.06987,-21.618797,5.2332902,22.06856,0.40295836,11.59957,-9.3046684,-13.863489,7.6522317,-0.046347927,-6.0774717,-3.4994886
9033.907521757108,0.43,,,0.1720178,7564.165,328.125,48.57142857142856,48,0.1720178,18,-191.76648,189.22433,-9.9728203,8.2951984,16.153053,0.011618361,12.484208,-9.057394,-9.3882246,11.247863,-3.3834743,-6.7627687,1.921677
8720.075830874235,0.19,,,0.1489603,8355.327,328.125,59.42857142857142,48,0.1489603,12,-171.94673,175.59229,-6.088585,7.8097453,1.5213778,-0.45426548,17.617535,-11.4761,-10.88251,7.5514913,-1.5710949,-4.4436717,-4.5787797
9012.52912244867,0.31,,,0.17898253,7946.373,304.6875,46.57142857142856,40,0.17898253,24,-164.97397,199.16942,-16.804106,13.509801,16.104057,-1.6063964,15.30709,-10.910123,-13.170174,8.501955,0.53380436,-3.1343045,-1.4219229
8999.9893094456,0.0999999999999999,,,0.17297895,11286.969,351.5625,57.71428571428571,43,0.17297895,4,-201.15439,195.63788,-15.523586,5.0968647,17.177843,-1.6298584,11.573206,-3.9310534,-8.272277,4.6336756,-1.6317394,0.25748062,-2.5208824
8487.61766557202,-0.45,,,0.208911,16707.145,375.0,75.71428571428571,43,0.208911,5,-196.62422,185.46422,-4.2751555,8.345227,16.498476,2.9848213,2.112816,-8.927887,2.3392565,0.29135743,-9.51427,1.8547536,-3.617051
8838.44791384547,-0.43,,,0.19996607,20473.168,398.4375,59.71428571428571,45,0.19996607,5,-298.85306,136.92714,-14.576273,2.6240766,6.7150135,-2.9661705,6.947177,-8.1873665,-5.49466,2.5803883,-5.37283,-0.42282167,-5.6920257
8952.887181765534,-0.24,,,0.16100535,18857.238,398.4375,55.71428571428571,45,0.16100535,20,-281.40878,126.896645,-11.830603,7.742725,22.052504,0.93119824,6.412563,5.0232306,-0.37363952,2.4531822,2.178442,3.4574835,-2.8318455
8720.231482043046,-0.21,,,0.09155003,17918.832,398.4375,60.28571428571428,44,0.09155003,51,-233.8239,171.15912,9.1073265,-2.1258614,11.192164,8.451064,13.733518,2.3716476,-3.5186758,-0.39695296,-1.1164149,3.7560396,-2.3043265
8967.548937546579,0.05,,,0.014823028,16295.713,351.5625,48.85714285714285,47,0.014823028,45,-215.26135,128.70169,-32.019047,7.6606998,30.485338,-1.4664781,0.18950261,-0.72063679,-2.620702,2.2094474,-3.5731523,-1.3456424,-1.8131911
8707.193810379296,0.05,,,0.02111647,17137.717,375.0,57.42857142857142,46,0.02111647,45,-262.54422,146.53563,-30.796368,15.890358,12.6767,-3.1098115,6.2106056,-12.454734,-2.97442,-5.0649447,-13.23914,2.6093144,-8.113959
8819.43565844251,0.4599999999999999,,,0.13222928,15891.679,328.125,57.71428571428571,55,0.13222928,3,-283.72513,121.33878,-20.668392,14.259264,9.041921,-4.4312696,7.8927326,-12.144061,-6.6976976,1.374689,-11.026724,-3.1723185,-3.2323537
8766.176670816922,-0.19,,,0.1432481,15275.6045,398.4375,52.28571428571428,53,0.1432481,9,-237.610626,154.483124,-22.9586849,2.85022068,17.5754604,1.32798958,-3.89024305,-20.7922668,-13.8908415,-9.62761116,-9.96434402,-0.114605084,-14.2108498
8589.681040863241,-0.1099999999999999,,,0.13801546,562.81494,351.5625,53.99999999999999,52,0.13801546,5,-244.30446,158.75697,-37.757812,6.3128166,2.6266086,-4.8179326,6.19384,-15.770928,-0.4962044,-3.3625286,-12.877277,6.212917,-8.849641
8932.203788667986,0.37,,,0.13564569,2704.067,351.5625,51.71428571428571,32,0.13564569,52,-272.20428,135.0486,-14.3410845,7.0884714,18.198673,6.240588,6.483414,-5.9330606,-0.3598673,2.177257,-3.928075,2.1693492,-4.603069
10817.162932723317,-0.2,,,0.19039023,8974.027,375.0,28.57142857142857,31,0.19039023,16,-217.058395,180.982162,-29.2850952,-15.8293257,2.83587551,1.39098787,-0.106821455,-20.7441959,-4.10249662,0.437796503,-13.0594006,1.69484031,-4.94388247
10743.787721428283,0.28,,,0.23527907,13188.795,398.4375,37.14285714285714,31,0.23527907,14,-271.90741,174.72731,-19.023619,-14.25911,-9.1402569,-2.1879299,13.807747,-9.9486361,-9.6247168,-0.24912202,-1.3852258,3.6973519,-8.2011566
8671.07935114307,0.2199999999999999,,,0.23654906,16884.355,304.6875,51.14285714285714,31,0.23654906,13,-191.90111,154.42651,6.89597,19.155901,17.547989,-5.503789,1.2708951,-2.7361243,-4.4380984,-1.1222732,-0.6190989,1.4834306,-7.4691157
9095.32773659446,-0.49,,,0.24709512,16328.59,328.125,46.28571428571428,31,0.24709512,8,-259.7548,175.72858,-30.823467,-12.375473,8.287579,-3.2817314,2.2114475,-10.494616,-8.560033,-2.6639569,-6.229333,-0.44386417,-8.686404
10766.319131469729,0.4,,,0.25563523,14824.271,187.5,39.99999999999999,31,0.25563523,5,-254.78099,171.69095,-26.908092,-4.932769,7.399998,-4.75708,2.8832157,-13.356384,-7.622933,1.3048425,-7.052347,-0.81541264,-6.50175
10794.353364065792,0.43,,,0.26639256,13598.445,375.0,37.71428571428571,31,0.26639256,2,-273.43884,164.39168,-12.472473,-4.4684143,3.8567922,0.025839053,7.9804335,-11.331901,-13.939913,-5.7346702,-2.2526193,1.4489727,-10.055337
10891.832876063105,-0.42,,,0.2627622,13685.943,398.4375,38.85714285714285,30,0.2627622,5,-270.90366,134.88045,-8.862958,1.1201785,9.161209,-1.0358632,1.2282628,-10.779165,-9.167204,-2.5107617,-4.304337,-3.23975,-10.43265
10914.29293020148,0.28,,,0.2380433,15469.818,257.8125,34.57142857142857,30,0.2380433,2,-218.53864,159.92065,-31.083664,0.5768417,-1.1839107,-11.453707,13.966876,-7.1674643,-18.043976,-10.647932,-7.340331,1.4118495,-11.447917
10663.3464572099,-0.13,,,0.19130231,16340.544,351.5625,36.57142857142857,46,0.19130231,10,-253.67915,160.6106,-37.612953,18.676752,21.152477,-5.110136,1.6979421,-13.048609,1.3798245,4.713768,-7.9416966,4.8699613,-0.5624435
10783.707064050828,-0.31,,,0.13058077,13216.417,210.9375,42.28571428571428,40,0.13058077,11,-226.426147,155.150757,-30.0667915,-2.15865898,10.2191925,-5.18603086,0.218584821,-14.5220604,-13.9601841,-6.82008886,-7.20191002,-4.3350544,-11.706419
10697.0138852761,0.4599999999999999,,,2.4427967e-05,13001.638,328.125,41.99999999999999,161,2.4427967e-05,177,-239.11208,138.28354,-21.538597,9.0802565,5.7555046,-6.6965241,0.83448559,-18.804991,-9.3888054,-0.18794681,-9.0327187,-6.0391297,-10.266676
10794.073094931677,-0.42,,,0.004751285,12323.281,281.25,35.14285714285714,41,0.004751285,28,-250.45882,172.38564,-30.523966,2.5792787,15.168917,1.9512668,4.3825192,-14.632141,-5.8268213,-0.4125632,-6.7230535,-0.5007992,-9.532613
8968.565488759754,-0.1599999999999999,,,0.014818485,15143.731,398.4375,45.14285714285714,47,0.014818485,73,-246.80223,167.34949,-10.246217,6.9338803,22.078655,8.271222,15.042742,3.2440293,-1.7355735,4.567113,6.112445,7.570413,-3.1667836
9132.350090179443,0.12,,,0.14710659,16829.523,328.125,50.57142857142856,31,0.14710659,63,-151.50906,190.2961,-41.095478,19.645895,15.117703,-24.569164,11.297672,-2.0649908,-17.614227,1.1019768,-3.81576,-8.098238,-5.886278
9054.369825447722,0.14,,,0.20768817,17877.943,351.5625,45.14285714285714,57,0.20768817,8,-159.04358,195.60287,-22.882189,41.72634,13.62267,-16.507486,20.085241,-3.691826,-9.491064,1.4382707,-5.2993197,0.8724425,-5.9016128
8854.195704732307,0.15,,,0.26014087,17325.312,375.0,49.14285714285714,56,0.26014087,6,-227.96211,159.9914,-29.787643,22.117796,11.516668,-12.922938,18.333584,2.5419543,-4.482217,4.735017,-3.0380707,2.8046603,1.7585373
8846.092809724061,-0.2299999999999999,,,0.24505015,14847.485,210.9375,53.99999999999999,51,0.24505015,5,-199.87697,165.73581,-34.884789,19.987659,10.534404,-17.908997,15.690903,0.14201662,-9.2541437,4.3348565,-1.6309838,-1.2051804,-3.1945565
,0.16,,,0.2317432,14564.2705,281.25,44.57142857142856,49,0.2317432,4,-178.2586,170.97305,-16.17592,21.103716,18.878937,-15.207209,6.240466,-2.4543586,-13.184708,-0.403362,-3.1156783,-4.2524776,-3.074605
9000.288149193419,0.4599999999999999,,,0.20705156,13837.289,328.125,43.99999999999999,49,0.20705156,3,-200.54893,175.87595,6.327453,17.772478,20.508287,-5.4543867,2.0683324,-0.6899775,-2.4643657,1.3524292,-3.9070702,-4.0083327,-6.1410813
8799.997394089305,0.44,,,0.1886445,10937.58,164.0625,57.99999999999999,53,0.1886445,6,-221.4784,173.07802,-1.6144738,20.201023,18.258625,-10.41527,2.300296,-3.9290202,-6.6609607,2.0617745,-3.4201965,-5.246636,-5.959982
10701.199398321263,-0.37,,,0.21908207,6279.966,375.0,34.857142857142854,54,0.21908207,11,-200.32153,176.21451,2.4220743,9.9376678,14.804694,-5.9746618,-0.052305795,-2.4768925,-2.6144648,-0.7848866,-0.7977258,-0.59864622,-12.884498
9385.089933349607,-0.0399999999999999,,,0.21509849,2865.1057,351.5625,42.85714285714285,52,0.21509849,4,-187.87018,185.59709,-1.0905255,14.83931,17.74138,-7.0380507,-0.8751971,-5.9706244,1.0476371,6.0832667,-3.7273014,-0.53181887,-5.1258817
8198.769574116484,0.48,,,0.22240607,1889.6031,375.0,67.71428571428571,48,0.22240607,5,-242.56787,119.88392,-18.447985,8.008957,11.8571,-12.862117,2.673396,-3.4424763,-14.175674,-3.5968928,-4.8462996,-5.250949,-2.704822
10732.113530606355,0.32,,,0.17509538,1996.1721,375.0,40.85714285714285,46,0.17509538,7,-218.69405,170.49402,-17.143499,3.8831503,2.6639442,-22.342533,0.86047381,-2.6422939,-12.335216,-8.493968,-9.5201197,-0.20204693,-4.544024
9135.149831924256,-0.2299999999999999,,,0.1583751,2313.2612,351.5625,45.42857142857142,41,0.1583751,66,-260.17761,156.99602,-14.863167,3.0049431,3.2693784,-16.518259,1.1165961,-3.5702083,-12.531979,-11.411086,-7.978878,-0.18230903,-6.5111117
10675.715098211114,-0.42,,,0.16734795,9228.339,328.125,41.42857142857142,48,0.16734795,15,-223.55576,163.1847,-2.5195575,-1.0025467,-0.94328564,-16.539555,-1.3856846,-6.4608917,-13.064769,-7.7391567,-8.221241,-5.3542504,-7.3593345
9258.105692206487,0.13,,,0.21464276,11298.2705,328.125,43.14285714285714,47,0.21464276,6,-227.2798,152.81654,-4.9106145,-0.20921634,9.7756081,-16.877523,-11.808892,-6.0332961,-12.002517,-13.312406,-11.667539,-5.7686658,-8.4203577
10772.101816433578,0.3399999999999999,,,0.21657299,9379.67,351.5625,31.14285714285714,46,0.21657299,4,-171.62294,162.387,-9.191574,-8.240375,-11.275212,-21.512806,0.8881725,2.0400229,-6.0407352,-14.581087,-14.147881,-2.2312846,-7.624914
8761.59128139175,-0.2299999999999999,,,0.2102912,7279.663,351.5625,50.85714285714285,46,0.2102912,7,-236.4831,157.8817,-13.3474,6.899435,3.4446526,-17.069094,2.2815285,-6.3012023,-15.253912,-11.450169,-10.024147,-1.6048027,-9.064181
10754.258297527538,-0.2,,,0.17164265,11534.3125,398.4375,38.28571428571428,47,0.17164265,7,-259.22028,155.35919,-14.071652,1.5863081,-4.7806745,-15.627656,7.6572733,-4.2301316,-13.30199,-10.374749,-8.4140043,0.17366055,-6.0900674
10780.709219281523,0.31,,,0.18443447,14912.154,398.4375,40.57142857142857,49,0.18443447,11,-250.018,148.43106,-1.2668823,14.417123,1.0261703,-12.992116,2.448521,-13.65483,-12.856227,-6.4008217,-14.237368,-6.5232873,-6.488523
10716.867653004443,-0.0899999999999999,,,0.18231392,14396.509,398.4375,36.85714285714285,53,0.18231392,11,-184.70341,199.91405,2.7164936,1.5096226,5.5832562,-9.723011,2.8201606,-1.2632625,-3.264252,-2.1201653,-3.920477,3.8131924,-3.354617
8828.22435020678,0.2,,,0.19068629,13235.266,375.0,53.71428571428571,46,0.19068629,8,-255.51143,116.525505,-15.8174,23.91782,13.982928,-15.344154,4.5324135,-3.6284637,-11.889961,-4.148465,-8.585171,-6.284664,-4.297077
8334.588827090793,-0.38,,,0.12847155,13797.302,328.125,76.85714285714285,46,0.12847155,3,-174.14723,156.4635,-29.792006,7.6930137,14.145153,-18.54789,-1.6215506,-9.758275,-18.961502,-4.7461567,-7.963946,-9.000118,-5.4444895
8247.770623826338,-0.2199999999999999,,,0.06722293,15374.034,328.125,67.71428571428571,47,0.06722293,6,-202.00351,188.03108,-21.337883,3.6263328,11.72786,-15.445734,-7.309616,-9.467575,-5.878904,-8.74689,-13.062001,-0.6160851,-11.659804
10746.935657373591,-0.35,,,0.011978675,13993.043,398.4375,39.71428571428571,81,0.011978675,136,-232.0311,149.0134,-0.77207816,5.8791585,2.6114533,-15.439382,-7.4669113,-7.382573,-6.745436,-11.954779,-9.295151,0.28125077,-13.662163
8326.1723459661,0.45,,,0.010819909,16264.413,351.5625,66.28571428571428,73,0.010819909,133,-273.47375,137.61058,1.9870546,4.942286,4.937602,-8.4445734,2.8735406,1.1418171,-6.1813688,-11.393585,-9.2699547,0.1203991,-6.4403448
10713.16363331188,0.32,,,0.010328342,17162.266,398.4375,32.0,42,0.010328342,156,-232.23926,172.83919,-4.0240784,9.966326,1.6936946,-20.163834,-6.4041424,-11.224931,-12.533553,-14.810976,-10.57563,4.3270416,-9.4504795
9179.565005219289,-0.3399999999999999,,,0.09099508,17604.021,398.4375,43.42857142857142,104,0.09099508,107,-252.16148,144.1825,-3.6645346,8.175416,4.5333347,-11.115272,1.044951,-2.815374,-6.180197,-10.2075815,-6.315706,5.9348264,-7.3345075
8549.531449355292,0.26,,,0.112893246,13395.408,257.8125,62.57142857142856,104,0.112893246,35,-277.5845,138.554,-4.2587028,4.3403206,3.794134,-11.767375,3.069914,-1.1529791,-11.378716,-11.579011,-6.6289515,0.8097672,-7.6321964
8882.734333055514,0.28,,,0.11322818,7210.3325,375.0,54.85714285714285,62,0.11322818,23,-206.70648,163.81886,-22.244059,13.571519,2.1107793,-22.051674,8.337106,-8.209092,-17.934063,-1.9984012,-7.621093,-3.7560413,-3.272821
10767.160129630653,-0.21,,,0.0728229,3503.138,398.4375,41.99999999999999,41,0.0728229,34,-165.72064,168.69301,-49.2986,27.013908,5.932263,-30.429066,6.743404,-13.521985,-18.64013,-3.7957184,-11.313605,-4.188534,-4.4964356
8921.44448239715,0.14,,,0.094959766,768.96515,93.75,57.71428571428571,670,0.094959766,124,-237.0095,145.87193,-1.820939,8.525013,3.1405292,-19.159786,-7.6217895,-9.43348,-8.942711,-3.375767,-5.4572196,-5.4894137,-12.850643
8934.003458959085,-0.39,,,0.147134,8973.235,398.4375,48.28571428571428,101,0.147134,31,-206.64992,164.39963,-30.638577,10.042896,6.22112,-16.284035,2.892876,-11.694882,-12.348485,-7.1575418,-10.807059,0.57254124,-8.802116
9238.544694784763,0.0799999999999999,,,0.18900397,13854.232,398.4375,46.28571428571428,53,0.18900397,14,-128.28838,216.24942,-15.629793,-1.3851479,8.99967,-20.344328,6.3656116,3.4888756,-17.726475,-7.5578475,-6.807116,-4.6085567,1.653173
10752.625701566463,0.1099999999999999,,,0.20989236,16738.246,398.4375,38.28571428571428,55,0.20989236,4,-127.61926,216.39633,-4.6740766,-2.7532032,9.139794,-16.7281,5.951092,8.899056,-12.068771,-12.972562,-13.070537,-5.397194,1.3855288
10909.704926410705,-0.19,,,0.21302392,15783.916,257.8125,40.57142857142857,53,0.21302392,9,-135.1293,204.14114,-4.325506,-4.5736575,10.790664,-11.718389,2.7309732,2.8799539,-9.861838,-6.868915,-12.137162,-7.5804553,2.8513212
9113.895065931658,0.19,,,0.21520302,17158.885,398.4375,47.14285714285714,40,0.21520302,17,-136.52023,199.56917,-8.804059,-5.444596,20.111794,-4.942283,2.5399911,3.1185725,-12.3002205,-8.457422,-7.6156654,-6.4754715,-0.7052412
10865.768774792665,0.19,,,0.2012111,14937.242,375.0,42.28571428571428,43,0.2012111,7,-141.35242,184.61485,-8.26143,-4.674477,19.43409,-5.115769,-0.78820014,4.9722304,-5.2602844,-8.982398,-11.62809,-7.5645213,-0.97387767
10973.963174276025,-0.48,,,0.23449528,13318.246,210.9375,38.85714285714285,43,0.23449528,6,-138.25339,201.93575,-16.362228,3.4140053,29.851566,-1.045617,5.0990334,-1.7052282,-12.305411,-0.63647306,-7.630497,-7.3911986,-0.056071747
10870.711523865208,0.05,,,0.24521698,14568.405,375.0,33.42857142857142,46,0.24521698,3,-109.61069,209.677,-13.987373,-2.6813376,14.17916,-17.903625,2.4155998,9.1881485,-11.297057,-12.217493,-10.188259,-4.276869,-0.7731305
10858.938246356316,0.44,,,0.25288817,16035.978,234.375,36.28571428571428,47,0.25288817,7,-145.86554,201.63686,-4.4101954,-6.5126429,6.4597073,-18.659853,0.095578209,6.4974885,-7.0381727,-4.1309752,-7.6718583,-5.7878737,1.5085051
10768.643508575777,0.12,,,0.22126564,15917.823,398.4375,34.857142857142854,44,0.22126564,10,-141.84055,211.68463,-5.88367,2.4345841,12.8534975,-12.75887,7.191729,0.62856853,-15.325562,-3.786179,-7.1514697,-5.7488246,0.47183156
10870.93191873056,-0.07,,,0.1609417,15945.051,304.6875,39.14285714285714,40,0.1609417,12,-128.06909,180.6846,-10.459734,2.0973518,17.591944,-10.554493,3.3290322,3.7004704,-12.836125,-8.042724,-6.614844,-4.4418907,-1.9199358
10721.208049871271,0.16,,,0.09374056,14638.74,398.4375,37.42857142857142,32,0.09374056,12,-147.31709,186.20497,-10.516212,11.573308,23.594322,-5.5720096,8.895422,0.18237846,-15.284766,-3.4485979,-6.9190712,-10.14824,-4.6320701
10921.021938715598,0.18,,,0.024759563,13040.572,375.0,37.99999999999999,41,0.024759563,33,-137.70485,192.63503,-6.845763,1.0359213,27.611982,2.8729534,4.21218,-3.3670387,-17.655512,-9.106219,-5.2995634,-3.482428,-5.0113435
9309.068906670647,0.07,,,0.0064183436,11334.174,398.4375,45.42857142857142,47,0.0064183436,67,-134.59251,218.26231,-15.344536,-2.6041784,17.001337,-10.665384,8.287174,6.1204314,-12.986036,-7.2671175,-8.438133,-3.5020988,3.7447436
9207.987417870168,0.18,,,2.2611e-05,13065.752,398.4375,53.42857142857142,310,2.2611e-05,182,-133.48589,209.39778,-4.6365304,-6.5254154,14.865486,-11.401339,0.57386345,7.172954,-9.554107,-12.250786,-10.573316,-4.3529553,-1.6145085
9145.786972786813,-0.2,,,0.0024688272,15910.352,328.125,47.14285714285714,41,0.0024688272,64,-126.14182,201.06879,1.8152356,2.1004272,12.073119,-14.135567,3.864371,5.60304,-12.312554,-10.367785,-11.582181,-7.4319243,-2.2425883
10889.898002337692,0.15,,,0.08907714,15261.518,164.0625,37.42857142857142,154,0.08907714,40,-127.044,220.81096,-7.0235,1.5925411,16.913733,-11.081429,6.3700113,2.6636436,-13.506508,-8.2929945,-13.533201,-6.2707896,1.4950497
10939.385507410225,-0.26,,,0.14795604,13764.402,398.4375,35.14285714285714,55,0.14795604,39,-155.63756,220.92664,-5.8689756,-7.968059,9.365735,-11.884159,6.147466,1.8839984,-14.908696,-4.3208494,-5.32395,-5.475987,2.1499014
9458.234847336438,0.32,,,0.18929727,7921.297,398.4375,42.85714285714285,56,0.18929727,16,-147.04211,211.58394,-1.0908998,-3.2147071,12.033671,-9.455308,2.9647892,-0.088749021,-10.195589,-3.5160415,-10.743411,-9.6256437,1.4681476
9224.009096211752,0.42,,,0.20032862,5313.275,328.125,45.14285714285714,55,0.20032862,4,-139.67311,221.82458,-2.4492013,-2.914683,23.272486,-5.3512497,-4.8978443,-3.5791955,-9.160581,-3.9863951,-9.852226,-8.821373,-1.1629924
8833.030642999982,-0.19,,,0.19299065,7966.9443,281.25,62.57142857142856,53,0.19299065,17,-142.134,202.91574,-10.23879,5.5937552,16.562834,-14.3569145,4.439434,2.6260362,-13.008181,-6.1401734,-10.031436,-7.5271916,2.0435143
8946.17707367728,-0.18,,,0.1752948,7352.592,328.125,47.99999999999999,48,0.1752948,19,-146.3432,217.11874,-16.633427,-0.27169532,25.133938,-5.120667,5.34258,-0.889109,-15.174524,-3.9429402,-8.685754,-7.212051,3.6281343
8897.17718879251,0.0899999999999999,,,0.14070638,8507.203,257.8125,49.42857142857142,47,0.14070638,12,-129.87862,200.14685,-14.048319,10.433103,14.190814,-12.851378,12.43735,3.251454,-14.223267,-3.3462284,-7.3506165,-8.404276,-3.1015813
10708.906778244746,0.0799999999999999,,,0.15685865,13152.442,398.4375,38.85714285714285,46,0.15685865,26,-128.25291,202.96704,-12.702226,2.4090178,11.036962,-14.2093315,15.210237,9.733933,-16.038025,-8.022232,-7.095166,-4.1650457,2.6279814
10840.859059765991,0.06,,,0.16858648,19636.012,351.5625,32.285714285714285,52,0.16858648,21,-126.84258,236.69699,-11.5326185,0.5322598,13.151603,-23.268707,2.214321,9.624943,-7.217085,-7.5955753,-16.082582,-4.8938456,10.455146
10857.104859192576,0.3,,,0.17723513,23095.934,398.4375,36.28571428571428,51,0.17723513,15,-146.36029,212.92847,-11.938108,-6.694197,20.008108,-4.857841,6.394778,4.3234296,-13.041018,-5.9227085,-5.708306,-5.328763,0.7742222
9502.455483751068,-0.28,,,0.17963476,17701.273,328.125,44.28571428571428,50,0.17963476,9,-135.13861,210.69058,-7.799594,-3.6044366,15.015535,-7.708684,10.429816,6.96099,-12.954901,-6.3457866,-8.125758,-8.231846,-0.71969306
10825.701390087155,0.0999999999999999,,,0.19023158,14192.23,398.4375,39.14285714285714,46,0.19023158,7,-154.90646,213.25473,1.5385274,-5.359876,5.4954386,-16.132748,7.3143296,13.431549,-2.8941264,-0.9957903,-5.9794135,-6.1858068,4.5132775
9285.97212609962,-0.36,,,0.17084444,12722.75,304.6875,43.71428571428571,45,0.17084444,7,-128.91824,214.35638,-2.475034,-1.4949448,22.352262,-7.348648,-2.2233236,2.2668583,-7.9379563,-5.7267413,-9.561927,-8.706992,-3.9074311
9579.48841041647,-0.21,,,0.12965061,16601.463,398.4375,42.57142857142856,30,0.12965061,37,-124.90204,221.74773,-6.9690742,-1.9976662,11.220647,-11.193808,11.458248,5.6606536,-13.6700325,-5.2180533,-9.33871,-8.197637,3.2976184
8733.937522461483,-0.25,,,0.122788765,20116.809,375.0,60.85714285714285,48,0.122788765,59,-130.708115,212.226013,-6.80780697,-1.79580367,23.3745079,0.123734638,7.94695854,1.00951457,-15.2941065,-9.32451725,-11.7972898,-9.19467831,-2.52775455
8906.819956887442,-0.42,,,0.15154122,18380.348,375.0,61.99999999999999,44,0.15154122,36,-149.59982,217.67584,-8.169467,-7.2491474,19.854874,-3.5123384,4.0978355,2.1800985,-11.045803,-6.586762,-8.503692,-2.9371748,3.7439423
10757.169650833695,-0.3299999999999999,,,0.16539472,19512.97,398.4375,37.99999999999999,44,0.16539472,9,-134.4611,214.8778,-5.3891053,-7.369525,6.0522795,-17.778856,4.061851,9.756059,-5.144216,-5.12984,-12.017219,-6.4439387,5.9734144
9085.280467939496,-0.28,,,0.154073,17485.594,375.0,46.85714285714285,44,0.154073,15,-128.81874,206.02448,-2.7911658,1.9995444,15.088604,-7.1338215,12.165961,7.419346,-10.60761,-5.444176,-11.514073,-8.45488,3.0864732
9176.524800651432,0.32,,,0.11076468,16379.675,328.125,48.28571428571428,45,0.11076468,38,-135.18375,202.90382,0.61898226,-2.8727486,9.070734,-14.984329,4.061358,6.918314,-12.803747,-9.98418,-8.291291,-6.3461366,-0.3756589
10716.016952064205,-0.06,,,0.043446418,835.1113,398.4375,35.71428571428571,45,0.043446418,63,-129.90315,222.55707,-3.4817798,-4.8783226,6.7529926,-14.307977,9.617755,8.922745,-8.748421,-4.824854,-9.427157,-5.5202746,2.8021557
9524.78507913476,0.19,,,0.14074832,7510.5176,398.4375,46.28571428571428,32,0.14074832,14,-132.148544,213.000305,-20.3394527,5.3390398,31.5428047,-3.36669016,6.85006142,0.410417259,-12.9784679,-0.22378625,-8.14589691,-9.73242092,0.121967316
10868.891587580112,0.05,,,0.14205948,10664.943,398.4375,37.99999999999999,30,0.14205948,11,-99.428772,202.784592,-0.110739246,-6.13464689,6.43376732,-15.3737726,3.38306284,7.7393117,-8.93277645,-9.98657131,-12.901288,-6.0102191,2.75119185
8829.973506902003,0.0899999999999999,,,0.14381222,12965.699,398.4375,54.57142857142856,30,0.14381222,13,-134.3494,207.41072,-0.5866579,-1.2931318,11.624259,-10.8577385,7.4429107,6.453173,-9.397954,-2.5849578,-6.5911975,-7.6978884,-2.1377895
10935.816679271244,-0.02,,,0.25430807,12666.743,304.6875,32.57142857142857,82,0.25430807,8,-131.79265,220.21446,-13.801666,-4.0634933,12.140038,-14.105715,9.514116,6.605817,-13.817452,-6.2237477,-9.146096,-5.307669,4.628596
10872.91904778914,0.15,,,0.3696363,15345.238,140.625,30.28571428571428,83,0.3696363,3,-130.43652,233.15498,-9.207038,-3.6114895,13.559289,-15.100007,6.7165,8.748993,-9.765344,-6.938171,-11.395698,-5.419784,4.9110303
10855.164361308392,-0.3299999999999999,,,0.43546894,15951.553,398.4375,38.28571428571428,84,0.43546894,4,-120.7278,208.48293,-3.7220497,-0.73098767,13.150838,-13.543413,6.8117948,8.795431,-12.154895,-9.151785,-9.26414,-7.5563912,-1.4835175
10692.731692948775,-0.0999999999999999,,,0.38694027,11455.949,257.8125,33.99999999999999,85,0.38694027,4,-118.231766,218.65642,1.2634856,2.3650365,6.2875853,-19.126202,6.687101,8.024016,-8.011288,-3.9175293,-9.721648,-6.458115,1.449056
10806.254540002168,-0.31,,,0.28947538,8282.808,281.25,30.0,84,0.28947538,7,-118.079,218.9116,-15.596455,0.24010566,12.309431,-12.801949,11.54025,3.3457427,-15.017748,-4.97981,-9.338868,-3.6789083,5.9358363
10892.257040659586,-0.42,,,0.2506577,10447.837,398.4375,31.14285714285714,38,0.2506577,4,-140.00877,212.10399,-5.3733377,-3.9635286,9.110907,-12.875587,8.056202,4.0846624,-12.358232,-2.759585,-7.390953,-7.108197,2.5344536
9088.465262064568,-0.19,,,0.26929793,12959.645,351.5625,52.85714285714285,38,0.26929793,5,-117.2406,186.06349,2.13896,3.6127896,15.439958,-7.6089544,4.8975997,1.2673033,-14.884201,-8.112261,-7.0662165,-6.4627466,-3.6525743
8941.026528040567,-0.07,,,0.2975036,14142.992,398.4375,58.28571428571428,37,0.2975036,11,-119.625374,205.77934,-2.1361754,3.4200442,8.581593,-14.275496,12.437295,7.266972,-13.153039,-4.3159432,-8.227238,-7.743849,1.1199033
8538.182207753458,-0.5,,,0.26662153,13317.684,304.6875,56.85714285714285,33,0.26662153,11,-137.58986,220.31029,-9.873458,4.0501776,11.970199,-13.381034,12.435826,5.4007773,-12.9502535,-2.7552295,-6.5499153,-5.2563787,1.9203532
9170.89638166403,0.14,,,0.26839244,14170.309,351.5625,45.14285714285714,32,0.26839244,10,-131.232,224.60591,-10.775958,3.8223922,14.928027,-18.858116,4.862656,5.312071,-11.921656,-4.8871136,-10.804215,-7.560193,1.9933976
8945.47252170031,0.06,,,0.24595107,11892.396,187.5,50.57142857142856,30,0.24595107,7,-117.68998,230.45268,-9.769351,-4.4026985,10.708899,-14.759453,7.3517756,3.3366597,-15.136426,-6.6678047,-9.070148,-5.6224585,1.3267006
10821.24162173801,-0.3299999999999999,,,0.2264571,11187.331,351.5625,41.99999999999999,56,0.2264571,12,-136.3745,203.71777,-15.124658,5.457906,16.790215,-12.723834,9.183077,3.0994859,-13.898129,-2.4590409,-6.701848,-7.040494,-0.74906236
9372.16761233383,0.19,,,0.1760979,8916.889,304.6875,46.28571428571428,46,0.1760979,18,-132.26369,208.9931,5.3373957,-5.050989,7.3320003,-10.513357,6.5955734,4.366418,-12.290325,-5.5786343,-6.1923018,-7.3995733,-3.1021914
8647.274151314437,-0.27,,,0.13029541,8923.265,375.0,57.14285714285713,41,0.13029541,10,-142.19038,219.40744,-10.483284,-3.8717744,16.367733,-11.649115,4.3777609,5.319695,-9.4429789,-3.2988703,-6.3655081,-4.5425019,0.16632593
8379.738082029833,-0.19,,,1.3335082e-05,9173.684,398.4375,69.99999999999999,310,1.3335082e-05,177,-138.6752,203.0936,-15.425867,8.0913105,26.976606,-1.5095556,14.039821,1.1794244,-19.984419,-6.6020274,-6.752983,-7.2858157,-2.7544274
10864.074063144511,-0.19,,,0.0025504534,11120.353,351.5625,39.42857142857142,42,0.0025504534,52,-133.04285,190.03474,-0.44519663,0.027434921,13.773855,-8.0527849,6.3048553,4.6554151,-12.485214,-9.1860809,-10.720571,-8.9939775,-2.723736
10649.538532786126,0.2,,,0.07494903,11677.847,375.0,41.14285714285714,242,0.07494903,47,-130.60721,214.92401,-5.5759482,-0.020344008,20.972122,-5.8507557,3.3320286,0.13175607,-10.601804,-3.5014176,-8.3723993,-3.6060328,1.1830778
10826.827620427412,0.19,,,0.1213349,11308.54,398.4375,32.857142857142854,50,0.1213349,35,-120.374664,221.71423,-14.843918,-5.839056,7.7514353,-20.58896,6.6995945,7.3920584,-16.931988,-13.140262,-12.428608,-4.870447,4.393407
9159.796962767918,-0.1099999999999999,,,0.14703031,10784.572,375.0,51.71428571428571,50,0.14703031,14,-127.70909,227.83878,-6.192571,-2.4784937,10.48456,-16.84823,4.349555,4.6426635,-10.228829,-3.5138521,-8.382483,-4.3890657,2.6655734
8865.45991966264,0.2,,,0.16470546,15105.04,328.125,63.42857142857142,47,0.16470546,5,-126.653564,227.81876,-15.038578,-2.8197525,12.563291,-17.512615,6.302596,5.1817074,-14.155985,-6.1032667,-8.6091585,-5.0064125,3.1516685
10851.821836631716,0.29,,,0.17534243,16274.764,398.4375,36.57142857142857,48,0.17534243,5,-158.0743,225.86948,-2.5794518,-1.6427417,15.333917,-13.189642,2.41749,3.910184,-11.120735,-5.837401,-9.094495,-6.424675,-0.38181755
10961.95718735915,-0.27,,,0.1797831,16257.885,375.0,24.0,46,0.1797831,14,-108.012985,210.20245,-12.770398,-6.988866,12.654544,-16.475824,3.1915162,8.513371,-15.018002,-15.904804,-11.348557,-1.8109857,3.6637766
10748.923752225191,-0.1599999999999999,,,0.15075144,16252.996,398.4375,34.28571428571428,45,0.15075144,12,-127.76543,216.23953,-10.068046,-0.22643316,7.379936,-21.230606,9.852661,10.638986,-12.931218,-6.7326913,-8.907059,-6.205096,3.5211003
10928.2906697397,-0.26,,,0.1038884,14673.182,398.4375,22.85714285714285,45,0.1038884,18,-137.13306,230.83913,-8.912124,-3.0691535,2.9183257,-19.35847,7.757983,1.1371387,-12.7495365,0.3090675,-6.10878,-6.1368403,4.1220827
10985.102464697828,-0.32,,,0.12923476,15056.942,304.6875,35.71428571428571,41,0.12923476,39,-130.99042,237.04886,-11.794937,-6.913603,10.037159,-22.124792,3.218539,10.177722,-11.997412,-7.803371,-5.6565557,-3.565421,1.0093172
10809.93081116853,-0.26,,,0.16436625,10620.465,328.125,41.42857142857142,96,0.16436625,9,-150.34225,212.03958,-10.718785,-5.0773807,23.174881,-6.3192925,-0.33387178,3.0636458,-9.302934,-5.8867264,-7.5972667,-5.2876472,0.2206524
10758.776633343574,0.03,,,0.19002242,7856.9507,187.5,33.42857142857142,96,0.19002242,9,-155.1828,211.65683,-15.954394,-6.971001,16.60643,-12.138453,4.564122,9.012947,-7.9344664,-4.6280866,-6.9093823,-4.173971,4.0923786
10769.777833283835,-0.3,,,0.1985182,4425.525,328.125,29.71428571428571,46,0.1985182,3,-147.36256,210.12451,-11.0165205,4.3986144,23.171654,-11.873661,2.0903728,7.678807,-6.6096354,-7.754783,-13.1341305,-6.313752,0.39662275
10764.957834308068,0.0,,,0.21697927,1901.1907,375.0,37.71428571428571,45,0.21697927,3,-127.121635,213.85167,-20.501055,-0.8881208,20.675821,-12.334945,5.048182,2.6936631,-15.635496,-6.2409964,-9.029975,-7.750894,1.5219164
10748.5117062604,-0.13,,,0.19756658,1622.4949,398.4375,38.85714285714285,45,0.19756658,4,-137.36882,222.37585,-16.172628,0.8406782,25.451452,-13.653115,-0.51798093,10.10422,-6.41912,-11.450926,-12.840955,-4.1928077,-0.6370764
9428.306760871805,-0.0299999999999999,,,0.16421747,1443.9846,375.0,45.99999999999999,47,0.16421747,29,-121.50767,206.49249,-5.2907486,-5.179913,20.67988,-5.007205,2.0899186,4.6983738,-12.08378,-11.96157,-9.8940783,-5.237062,-0.053977348
10537.93579934844,0.0899999999999999,,,0.12736644,1133.9388,328.125,36.85714285714285,46,0.12736644,18,-138.65913,211.73885,-9.2477865,4.5861044,22.63209,-4.9626102,9.103215,3.0208778,-13.905463,-7.102286,-9.743838,-7.227653,-0.81324166
10783.916144057834,0.13,,,0.13410366,2057.1445,351.5625,32.57142857142857,44,0.13410366,4,-127.790115,208.23128,-11.464404,-3.5973265,17.944084,-13.043962,0.25726998,7.1708956,-7.614272,-7.0751553,-8.039348,-2.9703903,4.231514
10849.155920546296,0.18,,,0.117503285,6189.4263,351.5625,27.14285714285714,41,0.117503285,13,-133.35194,223.73143,-9.2753496,-2.3673022,20.003254,-9.8765888,2.4136956,3.6006644,-9.2487793,-4.1441483,-10.277449,-8.6964159,0.086527348
10937.566210148452,0.13,,,0.1654585,6306.5957,187.5,32.57142857142857,79,0.1654585,23,-137.05605,230.56895,-20.305952,-11.210653,24.122154,-8.985892,-3.586274,1.5498285,-11.113878,-7.4365644,-8.586294,-6.3341494,-0.24008864
10906.659201130722,-0.25,,,0.16825584,4511.377,375.0,24.85714285714285,76,0.16825584,10,-127.591064,222.53368,-12.132624,-4.841381,20.29879,-8.68357,4.6840167,7.316208,-9.54809,-7.2901607,-9.232039,-4.54916,4.139482
10715.50435834126,0.2099999999999999,,,0.1600727,4027.6006,234.375,34.857142857142854,75,0.1600727,29,-142.35287,211.7372,-3.3965733,-13.963689,5.1371355,-11.7761545,4.3153195,5.9663377,-8.715327,-5.594503,-8.757975,-5.4536643,5.419119
10918.302589532985,-0.1699999999999999,,,0.1504147,10342.777,398.4375,39.99999999999999,59,0.1504147,14,-129.93135,209.66571,-14.541188,-0.5968251,16.585474,-13.102542,3.6974773,5.631289,-7.908157,-4.760584,-9.298045,-4.2413406,4.885366
10723.745400723545,0.17,,,0.18340996,16848.93,351.5625,40.85714285714285,57,0.18340996,6,-151.61397,222.35854,-4.6907816,-4.103263,5.1061673,-18.764744,8.94267,10.202207,-7.849251,-2.1900556,-8.994014,-6.3168573,6.3967395
9362.089584733118,0.15,,,0.20569468,20606.219,398.4375,45.42857142857142,58,0.20569468,9,-139.88876,205.52159,-0.73413634,2.4122071,7.79259,-15.9015875,9.38427,7.3370824,-9.952248,-2.8065932,-9.540831,-8.781486,1.3303739
10722.530208906694,-0.5,,,0.19271933,16567.17,375.0,31.71428571428571,57,0.19271933,7,-127.90169,204.37592,-9.054918,3.7406025,11.276094,-14.355686,11.262535,8.207942,-11.828647,-5.5732937,-8.341591,-6.4231486,1.8407173
10871.131575964448,-0.1699999999999999,,,0.19175379,12360.719,210.9375,34.28571428571428,53,0.19175379,8,-141.93646,208.77182,-5.78193,-9.297432,14.906564,-3.7166128,5.942631,2.764869,-12.43576,-6.1918592,-5.089215,-3.7012098,1.2934788
10815.56951175266,0.01,,,0.1834221,11714.697,351.5625,25.71428571428571,48,0.1834221,34,-132.61929,213.68381,-17.555326,0.20296592,12.880014,-17.647449,5.3016157,2.8940709,-14.37857,-6.690526,-10.10555,-5.3847604,3.0029902
10823.939210236962,-0.19,,,0.19075863,14386.476,187.5,31.71428571428571,41,0.19075863,9,-121.57674,189.44788,0.24349076,6.7228928,23.766872,-8.47665,-2.6997812,1.2960811,-10.029224,-8.700724,-13.301131,-11.924149,-5.0416355
10745.372328477748,0.07,,,0.17842375,19319.027,398.4375,28.28571428571428,41,0.17842375,3,-157.8859,221.94557,-13.875039,2.5774305,11.735196,-18.963818,4.909678,0.98434424,-14.327687,-2.4439445,-6.515852,-5.941375,2.6751652
10856.81800450739,0.43,,,0.14806585,18207.479,398.4375,37.71428571428571,44,0.14806585,5,-136.66718,215.99234,-11.375949,-9.680612,10.559467,-14.784353,5.3364506,9.502747,-12.09033,-9.330156,-5.1805267,-1.7806531,2.7212193
9209.402912603176,0.2099999999999999,,,0.09768509,17446.508,304.6875,44.28571428571428,44,0.09768509,2,-155.76521,201.60394,-11.796538,-4.1582365,12.648159,-8.231276,9.25082,3.4682567,-12.787022,-3.2315056,-4.4020886,-3.7974908,3.480776
10780.182656416251,-0.2,,,0.033988003,15676.637,398.4375,39.99999999999999,41,0.033988003,25,-156.27737,215.35907,-17.460531,-10.721159,17.807993,-9.588997,0.69216293,2.2255056,-12.716614,-6.580332,-5.6359243,-2.5200431,5.3694916
10854.23252982524,0.45,,,0.010008503,338.16187,23.4375,36.28571428571428,41,0.010008503,105,-152.44093,210.62996,-9.373165,-0.9392799,7.985387,-15.227811,10.593374,8.155142,-9.768559,-4.640319,-10.997965,-7.2669587,6.891107
10819.450024344704,-0.2299999999999999,,,0.009211561,864.5805,351.5625,34.57142857142857,46,0.009211561,141,-132.75554,193.28828,-4.35981,6.4596305,17.085045,-14.924626,2.4695575,4.39933,-13.054794,-8.347399,-11.207626,-9.23596,0.81844634
8995.171480339812,0.19,,,0.007281588,2972.957,328.125,45.42857142857142,47,0.007281588,128,-144.97992,202.2391,-2.9070554,2.9242103,11.611973,-11.901459,7.5713634,3.6874855,-11.441937,-6.0741453,-12.621585,-9.322804,1.8808055
10800.186376429316,-0.0299999999999999,,,0.0065874886,9291.342,398.4375,26.85714285714285,46,0.0065874886,100,-136.99353,219.71553,-2.1346965,-3.733195,11.097453,-15.323684,4.216451,9.365632,-8.081768,-8.82658,-15.021423,-10.368605,3.081215
10688.007286795735,0.15,,,0.08121965,13104.969,398.4375,34.857142857142854,46,0.08121965,166,-142.47137,213.33093,-2.177384,5.9149647,12.544844,-18.089691,5.0964828,1.7230204,-17.2954,-5.2233615,-9.333102,-9.757821,4.5343943
10793.592552719962,-0.44,,,0.08569515,16478.447,281.25,39.99999999999999,32,0.08569515,19,-153.4763,190.56058,-5.723769,2.3134956,24.21462,-1.9412146,3.0798302,-3.3272526,-16.927776,-6.5924153,-9.94397,-13.766389,-5.001362
10858.209480314435,-0.29,,,0.08570283,16070.4795,398.4375,28.57142857142857,32,0.08570283,10,-130.09851,207.48366,-7.3053589,-5.3670182,17.359566,-10.472326,-2.1077797,-0.0090115974,-14.135929,-10.925506,-11.031449,-4.9029875,3.3509321
10862.504160079669,-0.27,,,0.020763198,14134.316,257.8125,34.57142857142857,41,0.020763198,108,-129.70216,224.21136,-24.34565,-4.441728,24.60737,-12.530384,-2.383873,1.9394715,-13.337325,-12.412471,-13.252365,-4.607249,2.8089328
9394.887020281294,0.45,,,0.17327861,14249.309,375.0,44.85714285714285,64,0.17327861,9,-125.26557,214.59364,-9.457194,-1.9407488,17.99491,-12.724747,0.6531496,0.5827904,-17.66122,-10.518061,-7.3599977,-4.9894605,-2.1209338
10815.160493486384,0.43,,,0.25568423,14686.879,210.9375,29.14285714285714,64,0.25568423,5,-118.90231,189.41133,1.3596371,5.366073,14.823836,-14.532248,2.5169473,5.387941,-13.514467,-8.9372425,-7.7273054,-8.547287,-5.405494
10895.7111694103,-0.0899999999999999,,,0.3139377,18166.686,398.4375,31.71428571428571,98,0.3139377,4,-125.1712,231.17317,-26.072842,-8.299012,22.03497,-13.249413,1.8341134,3.0502303,-17.71397,-9.799977,-5.2340264,-1.2938592,1.4951291
8642.151420121509,-0.21,,,0.29344457,16169.909,234.375,54.85714285714285,67,0.29344457,4,-220.83315,163.56528,-19.658146,-4.097688,-1.7936467,-4.6789036,1.3939092,-20.232014,-6.636894,-1.983598,-16.438581,-2.8242505,-3.7780366
8706.375549198252,0.4,,,0.23206858,14783.627,93.75,55.71428571428571,67,0.23206858,6,-197.15945,142.143,-41.55089,-3.9656422,7.499831,-8.976157,5.560925,-10.948283,-12.677926,-1.3352289,-8.761327,-1.7363173,-3.286003
